{
    " ": 0.08781362007168458,
    "2": 0.034050179211469536,
    ">": 0.023297491039426525,
    "4": 0.007168458781362007,
    "\n": 0.023297491039426525,
    "О": 0.007168458781362007,
    "Щ": 0.025089605734767026,
    "w": 0.016129032258064516,
    "5": 0.005376344086021506,
    "А": 0.0035842293906810036,
    "Ч": 0.06451612903225806,
    "П": 0.005376344086021506,
    "-": 0.0017921146953405018,
    "1": 0.03942652329749104,
    "r": 0.01971326164874552,
    "7": 0.03046594982078853,
    "Ф": 0.016129032258064516,
    "Е": 0.07885304659498207,
    "И": 0.026881720430107527,
    "t": 0.04659498207885305,
    "Д": 0.07347670250896057,
    "Б": 0.026881720430107527,
    "Ь": 0.012544802867383513,
    "Ы": 0.05555555555555555,
    "Ъ": 0.014336917562724014,
    "Л": 0.010752688172043012,
    "Я": 0.026881720430107527,
    "8": 0.0017921146953405018,
    "М": 0.010752688172043012,
    "У": 0.008960573476702509,
    "Х": 0.13261648745519714,
    "Й": 0.04659498207885305,
    "К": 0.016129032258064516
}